Date Time,Elapsed,A1,B1,C1,D1,E1,F1,G1,H1,I1,J1,K1,L1,M1,N1,O1,P1,A2,B2,C2,D2,E2,F2,G2,H2,I2,J2,K2,L2,M2,N2,O2,P2,A3,B3,C3,D3,E3,F3,G3,H3,I3,J3,K3,L3,M3,N3,O3,P3,A4,B4,C4,D4,E4,F4,G4,H4,I4,J4,K4,L4,M4,N4,O4,P4,A5,B5,C5,D5,E5,F5,G5,H5,I5,J5,K5,L5,M5,N5,O5,P5,A6,B6,C6,D6,E6,F6,G6,H6,I6,J6,K6,L6,M6,N6,O6,P6,A7,B7,C7,D7,E7,F7,G7,H7,I7,J7,K7,L7,M7,N7,O7,P7,A8,B8,C8,D8,E8,F8,G8,H8,I8,J8,K8,L8,M8,N8,O8,P8,A9,B9,C9,D9,E9,F9,G9,H9,I9,J9,K9,L9,M9,N9,O9,P9,A10,B10,C10,D10,E10,F10,G10,H10,I10,J10,K10,L10,M10,N10,O10,P10,A11,B11,C11,D11,E11,F11,G11,H11,I11,J11,K11,L11,M11,N11,O11,P11,A12,B12,C12,D12,E12,F12,G12,H12,I12,J12,K12,L12,M12,N12,O12,P12,A13,B13,C13,D13,E13,F13,G13,H13,I13,J13,K13,L13,M13,N13,O13,P13,A14,B14,C14,D14,E14,F14,G14,H14,I14,J14,K14,L14,M14,N14,O14,P14,A15,B15,C15,D15,E15,F15,G15,H15,I15,J15,K15,L15,M15,N15,O15,P15,A16,B16,C16,D16,E16,F16,G16,H16,I16,J16,K16,L16,M16,N16,O16,P16,A17,B17,C17,D17,E17,F17,G17,H17,I17,J17,K17,L17,M17,N17,O17,P17,A18,B18,C18,D18,E18,F18,G18,H18,I18,J18,K18,L18,M18,N18,O18,P18,A19,B19,C19,D19,E19,F19,G19,H19,I19,J19,K19,L19,M19,N19,O19,P19,A20,B20,C20,D20,E20,F20,G20,H20,I20,J20,K20,L20,M20,N20,O20,P20,A21,B21,C21,D21,E21,F21,G21,H21,I21,J21,K21,L21,M21,N21,O21,P21,A22,B22,C22,D22,E22,F22,G22,H22,I22,J22,K22,L22,M22,N22,O22,P22,A23,B23,C23,D23,E23,F23,G23,H23,I23,J23,K23,L23,M23,N23,O23,P23,A24,B24,C24,D24,E24,F24,G24,H24,I24,J24,K24,L24,M24,N24,O24,P24
6/8/2021 21:44,0,1016.697,924.1508,586.5208,615.6238,18824.44,613.9829,667.1462,557.1201,1421.168,1881.245,562.8738,749.6028,500.4393,248.9982,351.3115,810.6609,416.8005,671.2135,775.3,797.8682,4792.156,889.1949,387.7678,528.6949,684.0517,797.5706,1513.47,1742.533,545.2615,704.0366,509.0945,4471.891,463.6936,576.7991,1415.224,540.5991,1050.016,922.3776,9327.396,12159.31,926.7053,927.3129,411.3239,2683.659,717.2923,2393.811,949.9099,751.7894,959.5242,5145.043,946.4875,614.1937,828.4261,795.7353,921.7411,487.2083,634.691,853.7926,389.7477,1296.365,761.8789,690.074,792.1434,294.2462,2141.176,1126.909,2717.706,6091.737,720.1071,1496.672,828.4468,658.1934,1772.5,589.7283,803.1382,336.6587,19340.58,815.3523,19208.08,579.1882,584.14,816.7494,746.7632,509.5368,16525.48,1308.678,681.642,810.4873,649.0008,961.38,809.3052,1069.877,1351.355,439.7697,736.2892,592.4315,906.7907,890.9888,983.1174,433.5076,857.4341,520.3456,604.8729,637.9729,630.6816,557.3557,944.5614,643.3174,948.3723,822.8875,703.2595,445.2919,812.5333,690.8015,2996.469,656.0605,976.5785,764.5036,771.7783,691.6819,853.2222,904.571,581.7674,956.8912,858.546,4435.534,481.2935,665.6996,592.9812,576.1749,992.9011,600.1113,3471.24,659.2681,1111.293,469.8358,689.6359,683.3408,618.699,645.8842,2103.615,454.4473,671.3582,389.6237,603.7693,590.3235,583.9498,711.4188,1933.668,758.7292,1639.05,1182.933,559.0628,445.9077,489.1634,590.3441,835.2379,668.7128,663.389,530.9766,981.0839,538.8796,750.2145,705.7684,888.7526,633.8189,820.2462,893.4151,853.5074,699.9817,728.4896,711.3981,627.9041,747.7304,887.3638,563.9815,922.2288,432.7471,1353.86,458.8824,587.3309,861.5137,1672.823,1167.482,853.6686,856.0122,1164.614,817.1421,492.3379,804.3492,610.2422,532.911,5637.773,486.4147,732.6849,775.2504,1219.075,1020.405,686.197,603.0956,945.0078,1254.519,2610.433,438.0709,11496.94,408.5586,2513.013,356.2384,662.0622,490.2753,803.8202,649.0793,1234.48,1174.811,825.5204,61132.21,434.851,903.7278,6776.338,777.131,2877.126,584.1152,645.9875,376.0538,1108.945,650.869,1082.963,616.467,1045.56,506.9038,831.9932,1060.779,1083.567,735.756,669.37,1491.551,1692.999,789.1715,1167.263,459.986,636.2286,860.3522,666.3154,837.2757,727.5679,818.7913,838.5405,769.6869,584.5491,853.3338,820.147,1453.445,976.2932,666.2576,425.5096,707.0828,526.0331,711.3278,1191.948,534.0518,806.7466,578.6178,1603.379,503.0474,441.2536,1069.53,1221.505,695.1126,787.4314,868.5074,672.8751,530.6749,633.4427,552.1642,831.7287,637.758,745.5645,690.0823,1940.447,809.5201,689.7145,867.2302,351.3859,1368.835,715.3207,718.9291,693.7941,587.488,344.4542,677.8723,734.0241,637.853,995.9391,1075.358,714.3121,598.6481,468.447,876.861,941.4324,1045.932,546.1006,352.4895,774.3948,559.1166,429.3246,1021.756,764.0531,534.5974,11711.6,692.1821,959.7184,739.3025,1604.305,895.2338,884.9334,914.115,905.5424,916.3304,413.4732,229.4433,436.7027,575.1334,598.8961,919.6331,693.3394,479.326,655.8208,882.4492,291.7538,2453.948,562.7745,767.4424,821.7507,326.4988,1210.077,455.0342,659.9749,778.9952,864.1095,967.4313,543.0377,972.5567,983.7457,1089.663,695.03,999.035,424.2861,579.2254,704.9376,775.333,663.2568,378.5463,311.9246,751.9753,644.7599,806.5895,674.7971,850.8786,725.2284,994.8893,64195.22,483.9099,614.1317,1221.439,491.4285,683.1259,1498.879,420.1072,427.4564,508.8465,646.0165,488.5847,667.3901,576.4891,385.5771,973.7719,681.8404,424.4431,371.0193,631.8473,382.7292,424.3812,504.49,650.1457
6/9/2021 3:44,6,367830.4,1000.118,456.4148,702.2137,1207513,11494.32,515.4186,216.8034,2114.532,1949.106,124.2036,317.4385,6517.288,149.7478,171.729,53.32871,37363.23,619.4307,735.9007,458.0847,109164.2,718.6067,462.7347,825.7477,643.3132,813.4138,646.5001,1795.299,345.0494,493.0819,319.716,3304.677,17866.96,448.2679,1052.459,261.1586,29669.61,429.5809,808065.8,9633.574,51016.77,550.9656,401.846,2537.971,62049.87,1800.826,818.6672,36395.84,693.67,3354.224,331.244,483.819,348.0461,902.0579,19689.23,640.0934,1048.048,456.5925,508.3753,1262.31,4560.915,439.6994,3687.807,223.9707,57486.72,551.8997,75441.63,5464.222,3068.835,305.2492,477.3503,446.5195,25533.22,470.927,699.0145,466.1571,19795,624.0187,17051.24,41.37088,368.155,615.785,19315.99,496.1695,12960.4,518.717,340.8995,599.8013,520.2836,770.1167,646.3719,963.7898,958.6479,538.8424,662.7855,32.63294,42774.31,636.8074,658.1066,1416.026,188501.8,528.4677,90520.84,366.5553,787.9688,367.5804,937.8488,512.4673,14825.79,426.7868,339.8538,68133.98,1878.579,620.9641,2823.359,243.6538,1275.661,528.0336,1163.584,797.2853,307.2704,1206.406,725.683,542.5665,650.8897,2544.295,26896.11,159.7588,1931.448,940.767,221008,900.1318,204619.7,7583.188,5488.708,431.6228,296.2178,431.2302,21253.1,640.7506,8265.104,306.0345,508.7184,27716.61,5836.762,344.0367,4521.475,228.6703,107603.8,658.7431,992.4382,565.8539,246.4149,729.2666,6320.924,413.3947,1009.418,616.281,8811.473,229.1787,497.0416,401.4905,323285.8,744.2914,543.0543,716.0564,391.6118,430.5027,350.8651,519.2296,738.1534,663.3353,247.6549,464.7311,588.2609,162.2595,535.9283,223.0944,168408.3,4238.438,352.6548,573.3353,947.5994,565.8043,385.2216,446.7798,668.1135,964.2031,391.9962,550.9614,260.4518,157.2788,848739.3,4185.354,48118.48,7056.978,123784.5,476.0772,500.1417,524.1937,1398.645,882.6683,92346.38,392.6576,12516.52,558.8354,1502.202,67.40697,45067.13,390.4999,3635.69,391.4547,768.4551,534.2502,471.6628,35446.58,408.9637,293.3038,4781.443,482.9799,578.3533,360.1114,364.4639,140.6213,594.9156,185.084,588.761,604.4761,97614.18,538.0529,35780.04,1073.32,908.0472,586.1033,325.4325,1201.562,55132.42,260.4973,760.2339,731.2217,278.6758,510.194,623.7335,433.301,1490.48,408.9182,681.0095,508.3298,656.3582,751.1239,404.6609,866.821,1658.258,731.5193,423.0295,231.6215,451.3472,357.867,1065.156,433.7019,98061.28,258.5174,22176.96,658.5282,463.3588,927.2549,2466.951,304.0423,872.8516,602.9303,332.9676,3630.796,153.8026,307.5474,683.3573,348.7984,1160.092,588.5626,3167.47,690.0079,233.1964,806.7962,453.5379,776.6227,544.3604,374.7311,1845.586,163.2267,19254.04,535.4406,37913.88,465.4172,853.1395,829.538,456092.7,628.9498,7588.347,448.4911,181.0126,1366.843,491.7675,384.3825,472.0265,384.3206,66.34055,943.0361,232.1713,250.4738,29878.96,638.1424,4440.299,413.8245,1531.359,861.2533,635.1002,603.3188,292.0225,700.61,341.689,302.0748,173.4237,645.5618,642.0029,684.3494,886.5248,715.8869,466.8515,658.4083,81.42322,2697.485,525.6611,262.6921,550.4158,575.1375,639.9197,102.3505,137.0583,338.126,406.5994,824.3341,589.5092,492.2593,627.4948,1096.302,606.5593,954.8204,411.1709,426.7083,272.05,423.6248,713.5226,443.5517,113.1633,163.7103,374.7063,622.233,295.7011,612.809,764.3052,561.5718,72312.46,447.2015,236.1806,769.6248,392.8022,480.6611,1030.027,987.8873,58.13582,52.44831,279.4281,91.9881,164.6444,59.6321,226.211,984.9899,240.6447,33.81095,153.9349,241.5044,352.8284,178.173,55.7426,84.4819
6/9/2021 9:44,12,1719214,2625.375,746.0316,763.9374,2580034,31441.28,421.7936,197.2774,2095.386,1737.544,272.6163,213.0214,50644.55,0,16.88481,15.9052,171065.1,684.8123,440.0384,333.8893,290732,847.295,363.7943,438.3478,664.9514,672.6436,616.4546,1751.366,388.4705,450.6404,244.778,3125.173,142880.6,212.2567,2197.608,352.5763,114133.6,446.2384,1610640,8566.124,132608.5,443.5807,990.4707,2467.236,150387.3,2358.248,537.5817,147717.2,8619.407,2853.082,1079.367,341.4865,616.0702,534.7875,59648.46,957.7964,3280.625,837.7139,347.6411,1035.892,16460.92,502.4564,11285.09,18.86882,222275.4,468.9471,111338.4,4657.983,56837.66,112.3656,929.5614,522.4329,40943.59,461.5443,1133.721,181.3143,50043.41,313.8921,15813.67,141.6712,695.0258,721.0288,46160.71,1277.533,10290.26,485.1458,245.1294,437.8353,521.9452,829.9224,224.384,1054.629,673.8092,819.5642,463.1522,1.674014,92456.96,489.1428,489.4941,1254.8,601870,540.4833,346005.4,379.5548,561.9025,384.0932,1524.473,553.8341,58587.32,239.6899,394.0298,255056.8,4472.606,323.8907,2106.443,275.3691,2836.429,251.8089,2552.413,192.5488,295.5565,753.8726,1024.116,519.1014,3311.324,1527.565,78288.64,2.223752,6985.718,2151.145,976250.8,1824.125,390038.9,24630.52,36460.86,148.0448,198.5091,227.7858,67643.95,690.7064,20368.29,278.4733,553.458,165069.6,24740.9,458.1218,32683.6,500.3483,231837.6,836.8127,1363.338,750.1194,291.1255,481.1364,26647.48,457.3902,2433.611,599.5161,43924.68,9.081009,479.6898,310.077,582587.8,342.7017,452.0334,510.3387,469.3563,335.3897,223.5325,254.2848,1044.783,438.9678,212.918,437.3599,324.9034,23.06006,221.8213,610.4695,387699.3,10005.47,186.8613,638.2994,1063.64,748.0156,333.3892,535.6762,493.8341,834.7253,342.2098,688.152,306.6711,3.897766,1720394,10342.75,251829.2,14656.32,266286.5,250.8128,256.5664,286.4176,3340.175,715.7175,106647.4,329.694,14878.68,312.3214,1253.254,7.898867,123902.2,321.0469,16236.97,154.5053,843.269,655.7877,434.1028,32176.73,358.7391,774.5559,4174.755,343.3547,495.3883,336.7951,337.2084,11.9537,558.2402,325.4159,321.8199,170.985,405498.8,259.5466,154041.8,858.145,1146.861,236.2178,305.3691,792.6642,120414.7,340.9037,814.1619,7271.372,226.1986,506.8832,505.1968,253.2845,2941.578,500.1499,588.3766,696.766,611.9369,498.5834,310.2961,831.799,7931.263,609.957,1469.85,19.89803,246.8778,258.4802,618.7817,212.1906,263395.9,390.8058,124517.8,342.8712,589.162,456.9273,1790.587,373.5366,2609.734,482.6782,272.8767,20186.44,139.4102,422.0665,321.1999,107.6742,2355.59,553.8506,4033.374,434.9337,358.239,793.9208,136.1449,600.2394,459.7917,882.3501,4730.127,310.3953,244069,353.9196,419615.6,401.846,2877.985,994.9223,1133909,348.9761,46227.55,136.5789,1563.612,1160.104,6957.463,400.8912,294.9158,4938.941,249.5397,820.6347,317.3848,276.4024,28299.3,455.6459,26212,402.2139,2432.429,1030.85,397.0472,565.8539,401.0028,502.7539,509.5161,107.5916,1.674014,179.3716,347.3724,312.8877,966.9642,645.227,604.7572,510.3139,545.7534,2825.806,228.5711,276.7414,355.0522,216.1462,540.7024,7.973267,54.15539,463.239,194.9958,522.7222,616.9217,444.2048,195.004,519.5272,281.3046,1199.71,446.3583,363.228,435.8595,409.1621,496.029,46.52106,0,53.63458,323.9816,552.8669,187.287,496.1819,1612.129,522.714,75886.69,429.3123,350.0549,652.7208,459.8082,325.4655,879.5724,3016.243,50.58002,11.74703,31.4012,59.02863,5.146043,23.19233,107.7693,578.8699,29.31798,4.782307,1.504546,121.8352,46.27719,112.3904,64.24493,36.40257
6/9/2021 15:44,18,2127362,2991.785,4348.01,1031.255,2451630,31796.9,408.8604,159.2917,2327.801,1620.503,265.2134,135.033,70677.96,0,13.73105,19.84017,262521.3,584.9129,488.8865,398.5518,338247.2,1050.355,445.3787,518.064,580.7175,857.6201,1166.155,2051.221,587.8063,421.2935,206.9205,3091.577,163595.6,293.7957,3798.371,326.7014,135300.5,411.0221,1500687,8699.306,99867.95,427.8242,2257.832,2216.105,100935.2,2751.513,306.7827,274349.3,17103.54,2776.044,2538.033,351.3941,560.6211,850.5355,68533.24,882.6766,4923.321,1058.328,677.6987,1172.31,16472.2,468.4759,11786.51,4.769907,260216.2,379.7325,64027.94,4653.329,90802.84,239.9007,1280.435,343.9913,37073.67,294.6347,2038.908,358.8921,60141.4,279.7711,15521.52,5.16671,839.8259,471.299,45277.64,2394.894,8738.646,807.193,88.81367,547.7457,335.5427,802.5719,418.3051,769.2197,958.3503,749.3259,667.9977,6.40672,84118.2,715.4488,679.038,1631.643,535567.5,357.6562,357568.3,255.7067,1483.805,280.5771,2230.601,486.4933,65047.38,208.4623,619.6084,509853.6,3926.179,450.2808,1877.161,415.4366,4353.726,499.687,1942.848,656.9079,213.2157,814.261,1834.046,686.9037,4042.641,2841.343,88985,0,16111.11,4202.242,1105774,1902.837,250741.8,31514.08,47991.07,182.3849,326.2963,253.8963,72548.36,1303.019,15805.92,287.9883,394.84,313504.6,42685.59,526.5291,50821.15,552.2345,233688.5,962.0579,2372.983,910.085,368.3286,887.6284,31492.58,443.8369,2757.841,494.8303,55014.71,17.04188,139.5425,209.26,508129.3,303.3809,376.9053,426.4189,521.507,627.7883,293.0062,136.521,1021.487,232.9029,414.5975,759.3906,390.9464,20.95617,254.7229,509.8675,408223.6,13883.26,286.9343,744.2418,869.1315,718.1107,267.7761,769.0792,695.7533,959.0157,281.8171,773.4399,150.2686,1.95095,1881032,10800.92,276003.3,16013.08,207435.3,396.1957,429.5727,607.1256,4742.998,739.9638,82181,338.3864,19114.71,234.7629,1186.545,313.2473,141995.7,776.9451,18973.55,227.0624,584.5203,880.1676,383.0392,30697.54,199.1829,737.3185,3836.865,520.2587,82.58055,747.3584,186.295,0,768.3766,263.4609,1129.323,629.1523,450425.1,268.6648,170730.4,742.109,1520.831,284.6237,527.1739,800.8814,53544,208.6979,563.4896,30071.45,101.0236,612.1849,512.4633,280.821,4007.408,767.368,650.187,728.4069,319.4349,768.36,237.9787,749.4664,7485.653,706.1901,1441.128,9.837416,241.0704,378.4305,370.4738,284.6526,277902.5,407.083,148689.2,332.1533,452.1656,655.5852,2773.217,408.2279,2464.595,337.0555,438.4511,58172.15,81.45215,343.9706,291.328,220.1266,2830.477,692.1945,5178.536,717.6932,186.1586,776.0233,558.0708,742.0925,443.684,802.8075,7332.256,105.6365,674782.9,82.7459,447371.1,155.8941,10172.77,836.0687,1015193,472.4192,57672.43,150.5703,6291.309,808.8422,28261.54,404.3963,549.585,24039.48,1185.057,907.7289,339.428,390.2271,27398.3,715.8828,38814.09,846.8114,5169.818,996.2615,411.4148,637.1462,283.6813,1021.02,1220.298,117.0322,0,518.5475,688.7844,341.4369,1386.633,794.764,479.8964,413.4112,504.027,2827.525,486.1667,624.5519,898.5115,242.856,729.6262,3.724164,3.042159,307.8326,340.8499,657.7263,425.4228,823.0073,315.1941,847.1957,280.139,1152.883,145.2631,348.3189,229.468,326.8998,655.3579,86.01952,2.004683,15.51666,145.664,583.0735,341.4988,279.5438,2675.194,397.1918,78787.52,451.4423,84.3703,790.2834,170.5428,368.7915,1299.828,6945.996,59.69823,25.47808,42.40009,41.88755,6.36952,2.686689,48.88121,633.7528,1.211077,5.60898,133.9335,35.11296,3.042159,163.8178,368.8246,32.77761
6/9/2021 21:44,24,1862182,2342.578,6058.137,1552.464,2076648,26692.97,389.4087,197.9801,2142.957,2036.209,226.5127,132.8051,53815.12,8.923942,29.44198,9.366212,218255.8,748.0156,646.2935,258.8274,316368.3,1082.451,347.7981,775.1718,986.73,758.3779,845.3068,2079.113,421.0662,612.9537,130.8914,2920.654,114513.9,140.7784,6268.327,241.2978,91916.69,372.2346,1213082,7732.019,75042.08,612.623,2306.453,2268.483,60460.02,2142.544,350.3649,352200.3,18544.71,2699.817,3217.934,234.8084,702.5858,578.3119,65542.2,821.7632,4866.421,798.9304,1027.361,1242.565,15817.81,653.626,11079.03,6.919258,198178.8,396.4685,39637.31,4827.885,64837.01,311.9494,1318.317,554.0366,31412.58,323.6592,3330.825,599.1854,50963.52,263.2831,14634.25,8.733807,1329.948,558.3478,29878.46,1516.483,8978.787,692.1407,88.04073,475.5895,400.8788,895.6471,897.9741,818.8078,544.7324,888.8436,426.6586,0,75264.17,499.6953,452.0127,1431.989,317636.1,275.2823,225476.5,301.6325,1998.905,272.5254,2504.734,256.5168,62289.99,183.1371,530.9435,517567.6,3222.055,592.601,1719.026,144.3744,4821.177,431.6765,1970.468,593.2499,174.1264,696.8982,1729.901,812.8888,4344.744,2087.281,69149.39,0,18300.88,4252.921,865574.1,2516.398,143395.1,29840.58,40530.02,536.7137,317.8271,277.6838,44132.26,609.0972,11074.79,494.1235,297.3876,397838.1,38187.03,600.2642,48846.23,276.0883,202347.6,793.8298,2603.451,561.8652,239.7767,803.3118,23746.9,865.7339,2599.508,687.4742,51075.61,2.240285,925.2875,221.3419,394283.1,493.8879,763.6479,466.0455,860.4845,365.2285,279.4942,203.5766,839.8259,302.5253,609.0559,559.2984,327.3256,19.38963,160.6557,556.8473,347088.4,14651.12,501.8488,784.7736,1117.349,588.6577,166.8889,560.9352,907.2081,488.7129,391.7151,927.2508,118.1647,6.158718,1536183,8326.231,208999,13641.69,164894.5,252.0404,574.6539,351.9645,5150.495,501.547,57227.33,390.5413,24002.55,370.9491,1162.32,536.3087,132476.7,450.6983,14704.11,268.1192,770.4102,779.8756,455.5798,29170.18,590.712,781.6199,3571.457,349.3977,397.5184,813.4137,239.9999,0,613.0983,388.5573,1351.851,716.6433,276653.3,358.4828,126421.3,968.4192,1250.964,254.6816,474.4238,983.5555,34052.32,164.6279,785.1993,68986.48,206.6105,588.757,467.6782,258.5959,3899.25,561.2411,940.986,754.6124,758.8657,771.6998,487.8655,955.7628,6088.029,733.1066,1738.031,12.02397,139.9682,253.516,1145.687,198.2735,237442.5,248.9445,94010.02,413.3781,1054.588,466.7234,2891.568,455.3856,3900.386,382.8408,674.8384,88176.89,88.69381,432.8669,461.5402,163.3135,2175.524,554.14,5824.924,678.6742,213.4347,864.5476,302.5501,870.6981,600.6941,1016.296,3997.314,66.34469,553809.4,563.3367,344267,268.0572,15288.27,802.9232,729104.9,408.8976,50578.13,205.3622,10968.04,910.7505,27924.64,415.4241,539.1359,43501.79,1167.309,1038.319,336.3735,482.3103,26318.12,615.8884,51117.42,889.3354,2994.423,980.1703,478.9954,813.889,130.23,920.0505,1472.479,30.40919,136.955,431.1847,820.676,284.7849,1782.259,717.8875,377.4633,360.2602,748.4083,2939.358,900.2476,573.6082,1040.964,315.7728,687.2551,4.728573,1.095343,577.6588,252.9828,726.489,272.1161,898.929,180.777,673.7224,330.7562,1141.797,267.6852,697.047,294.0974,407.5583,278.5559,194.8552,3.385228,43.25156,143.5271,600.1857,276.4644,535.172,3552.473,382.5019,78046.35,546.4064,278.5146,810.7726,306.452,129.2463,879.6179,11487.96,69.99445,10.01928,32.62881,0,24.58527,12.06943,64.77401,600.9628,91.7153,8.394871,2.905758,33.40174,47.90987,78.64972,1016.065,29.82638
6/10/2021 3:44,30,1476652,2341.189,7867.448,1467.949,1565056,24297.76,236.7965,211.6119,2253.145,1980.619,637.7498,141.7745,35702.91,0,15.32653,4.170568,175025.4,973.4578,690.6486,323.6841,273441.6,680.0547,336.7868,611.7261,1011.939,1076.465,1088.452,1908.021,653.8368,339.118,127.7707,2843.36,86977.98,128.556,7805.663,323.8122,66009.42,651.675,939675.9,7605.488,55564.05,661.0206,1597.179,2521.598,38065,2533.577,340.821,305259.8,15240.41,2637.734,3977.647,298.3796,616.6779,655.1223,56483.77,645.7892,3825.953,833.8987,1215.127,1019.437,14188.66,523.4373,7793.424,7.774865,141632.7,426.1089,32268.71,3988.799,46619.28,337.8863,1469.152,389.0078,25974.05,279.1263,4339.462,415.5853,40461.21,248.8659,14896.87,3.261227,1033.131,315.2106,24008.53,1888.387,7523.651,661.6902,174.7919,605.5508,476.0565,875.0505,1064.045,924.2913,746.7178,943.3627,507.1601,11.9661,61168.82,575.9724,366.0263,1104.618,239320.7,308.9196,193065.1,105.6613,2459.263,241.6863,2816.456,254.7477,61090.27,137.7197,643.3587,331822.8,3399.918,408.3437,1603.296,327.4991,5753.454,331.4258,2291.506,413.3203,256.1035,843.0087,2249.131,661.8927,3805.658,2088.818,54812.68,0,22542.5,4090.947,706752.1,3095.541,110786.8,20319.76,28382.74,244.1415,471.5553,399.9653,32012.04,907.8529,7536.68,520.8911,391.2646,279372.4,32739.6,460.019,41313.33,250.6061,169944.3,664.2612,3070.03,618.947,189.0313,809.1978,17056.78,531.8818,2021.903,845.1167,44805.58,1.405345,478.4539,203.5477,354990.5,422.856,716.3664,367.2787,970.4528,474.1345,369.3495,282.557,762.4452,339.4652,851.4903,556.3679,455.4641,18.79442,237.3711,500.0466,301640.6,9676.09,629.4044,453.1907,578.2789,498.4015,195.4256,727.8572,900.293,691.343,392.5418,659.235,141.8117,2.054284,1285823,8489.876,159290.7,13859.94,134283.2,358.7267,491.1433,416.3418,5109.524,631.1736,43205.83,316.6201,26020.81,383.0061,1230.855,692.2109,117675.7,334.8152,14091.55,219.3289,651.3774,646.2645,469.6043,28115.29,292.0844,754.5918,3260.31,464.7766,288.1536,626.4243,285.5703,6.361253,622.4893,277.6714,1340.216,260.8155,189520.4,387.3958,97535.17,848.3738,1027.956,304.3109,690.909,833.4771,20973.89,397.072,781.0991,83668.47,156.2,454.0836,203.4816,233.0103,3419.143,472.5886,1063.573,626.3292,631.3719,611.9038,515.2161,841.4711,4851.557,620.2656,1165.139,2.83549,165.4463,272.2236,1121.168,207.8009,188996.2,136.6409,81006.03,455.5509,1119.874,494.5699,2162.169,535.9283,4532.804,358.0819,654.6511,73896.12,14.88839,423.8893,437.5211,370.8086,2444.098,506.0027,6796.158,570.9834,436.9011,760.3661,530.2987,685.2173,670.2339,726.6626,2981.741,61.90545,398174.4,307.0142,287649.8,434.7518,17850.37,864.7006,591211.3,586.7068,36338.27,180.4091,11413.28,1082.967,25732.49,330.3429,408.7901,52441.68,2463.64,891.9601,566.9989,278.589,26057.79,723.6824,48167.3,600.3799,2738.22,851.077,499.1248,715.3,238.0572,602.6905,1465.25,39.18433,684.093,273.3066,1244.011,538.8589,1371.108,958.7968,895.5066,339.7752,607.7291,2742.056,958.9662,712.2247,659.5615,339.0932,442.0885,162.5447,0.7068059,402.7967,249.3537,881.5936,562.1422,625.0024,188.37,519.3329,472.3654,1032.482,314.2517,559.7737,359.2723,504.0311,432.7512,42.85476,10.70129,131.4576,108.3397,380.8899,211.397,572.1201,3956.332,582.3171,78169.22,448.0199,223.0531,969.9031,227.1079,185.6461,849.3328,16819.17,67.73763,0,48.48441,0,0,26.43289,256.2481,724.4761,0,8.680073,29.70238,47.74866,9.138877,146.718,979.1908,32.39734
6/10/2021 9:44,36,1148252,2643.314,7938.245,1149.258,1271033,26934.09,341.1475,197.4468,1942.778,1757.958,585.2105,223.4871,30843.94,0,27.06529,7.580596,143256.5,523.9374,668.3036,334.2614,215813.8,661.3306,415.482,488.4566,1015.73,675.041,811.6819,1728.823,1000.635,355.2423,132.181,2691.794,64725.52,153.4265,8716.156,323.8783,49649.36,315.4793,805599.3,6802.713,35035.75,663.9636,1108.032,2725.869,29314.38,2388.516,233.1013,210190.9,12210.47,2313.603,3379.124,306.5182,494.1772,554.8633,47052.39,583.9084,2374.967,515.7327,866.0315,864.8122,7953.538,442.9317,5595.993,12.5365,117241.9,519.4982,26475.03,4205.268,40403.36,248.2418,1679.503,305.6543,22388.84,238.1399,3849.484,371.0855,34892.23,381.6752,14144.77,17.72802,965.1332,458.1714,19400.29,1853.022,7899.482,538.0529,156.481,469.439,574.7366,711.6998,1130.208,839.2927,480.4172,497.426,426.8612,0,46044.53,826.033,365.2079,673.5612,233869,401.2673,157787.9,242.918,2531.432,183.5381,1954.141,305.7824,39104.33,392.5211,352.8367,212107.5,3676.899,520.3373,1725.826,240.9877,5290.384,397.3654,1968.434,272.3104,380.8692,395.3939,1665.235,481.5663,3368.831,1126.545,41418.5,0,28507.38,4504.206,580391.4,2766.062,93752.79,16428.04,22715.69,295.0605,600.3759,241.1118,25357.48,653.535,5585.135,357.1933,241.397,191777.4,31483.45,544.0008,36948.82,266.4741,151690,553.2347,3057.076,593.3863,219.2504,456.8281,14917.95,346.0208,1226.908,338.8948,40930.95,0,590.1995,207.772,264756.7,447.3751,943.9951,263.0889,1243.094,494.1028,561.5139,244.6871,745.5686,256.9632,832.2743,574.129,414.9323,17.26094,290.8734,534.9156,250510.1,9788.038,406.5002,582.1559,683.5103,556.9755,213.4967,571.9093,451.3555,454.0587,381.0262,595.0603,263.8949,4.794707,1070557,8773.739,142384.4,8473.14,114668.3,353.0682,528.1907,338.9568,4793.21,484.2323,34454.61,191.8255,26296.53,384.5313,1159.914,381.7083,104239,323.684,13011.85,236.8089,505.1968,378.7612,167.8271,25801.96,372.743,511.5952,3068.827,337.3242,295.6516,426.3073,332.0128,11.9909,835.5438,155.3278,1223.25,354.6595,136733.3,259.2118,73555.64,997.6049,651.1708,212.4551,360.9794,812.9508,15589.29,262.4358,536.2756,72831.63,100.6144,413.8411,211.211,141.5472,1779.196,234.9572,880.3784,444.1924,542.8972,702.8131,541.9672,528.0833,4500.2,441.0097,1043.907,0,290.0302,179.1691,1081.26,175.0192,144833.9,224.5452,63866.09,311.412,766.033,207.9373,1509.151,457.4522,4297.186,228.91,315.2685,47397.48,100.0647,538.3257,490.0728,247.8657,2362.922,465.5867,7991.569,413.5641,189.0479,723.2774,573.4552,586.6985,786.2286,596.6888,2747.884,75.6737,303473.1,135.3843,240343.3,323.3864,15441.5,799.2652,477130.9,317.0458,28102.19,251.937,7047.182,891.9808,23639.2,403.7019,241.6078,17708.63,4314.137,582.8131,331.2977,276.7249,25484.26,459.7504,37296.09,577.0884,2442.92,551.3334,496.5787,385.1761,242.1286,458.6426,1533.294,132.3215,2178.665,240.0701,1451.164,270.2437,1261.628,718.8175,797.2564,272.3228,448.5448,2513.807,836.0729,484.1207,349.8813,201.5761,437.2318,383.1425,0,178.421,172.2292,760.0602,206.3667,540.4089,246.5554,573.389,485.5922,870.5616,342.4826,320.3815,463.2348,324.0561,288.3396,58.20609,0,84.38271,112.8864,294.1222,143.8329,370.8334,3765.821,460.2381,80738.02,368.684,246.1751,783.1947,212.0418,117.1314,772.9398,18248.86,49.67482,1.380545,32.29814,0,0,4.550838,264.3165,756.1335,20.24524,8.688339,6.625789,99.56457,0,52.96084,656.5028,27.54063
6/10/2021 15:44,42,968474.4,2429.358,7201.778,1162.171,913250.5,26439.91,415.8044,199.5218,1706.068,1786.322,885.5823,227.3352,24882.3,7.378061,67.13829,14.40892,139192.9,535.9573,723.7156,189.8704,157866.2,793.3173,280.7838,530.5178,1364.292,608.7087,702.1104,2268.45,1199.21,410.2657,155.0302,2759.722,57183.88,221.2757,7489.849,407.8973,38248.01,262.4606,695245.3,6532.743,32592.51,536.4905,862.8406,2830.034,22660.7,1724.139,421.1241,168577.3,11727.43,3200.202,3327.721,303.7116,621.6875,453.4387,42985.24,705.8015,2211.509,619.3604,902.74,1088.448,5792.593,503.2913,6087.889,4.73684,114435.3,600.9628,28414.8,5192.787,41274.59,367.2911,2191.838,421.9177,21241.69,566.4492,4256.042,234.238,38168.57,298.7102,15129.66,10.65582,358.5945,469.3439,22291.16,3413.612,8429.152,712.1132,356.3955,617.1284,395.7534,594.6966,1466.106,987.4781,816.4683,644.421,405.5578,1.62028,36407.29,922.2536,450.9877,506.4409,223640,510.6239,140973.5,78.60426,2742.882,249.6224,1684.91,286.9673,33046.31,337.754,800.1167,158465.6,2528.621,482.3145,1823.415,183.2818,4541.856,551.7715,1604.929,320.6047,254.3344,664.5877,1751.267,399.8041,3091.296,1194.498,41621.51,0,34305.23,4083.065,494226.1,2530.266,90482.14,13109.75,24752.64,284.4749,643.5736,342.1189,23558.7,902.554,6421.873,269.2228,360.3553,139458.3,28558.27,551.8914,34851.47,579.0435,164372.3,732.0732,3410.682,594.833,537.3007,811.4545,15752.35,523.7928,1573.71,501.5842,37531.88,0,1075.887,267.152,240460.8,371.1723,998.8573,344.3302,2255.364,515.0342,427.8367,300.3347,1121.821,313.826,1005.69,433.7101,330.5454,17.66602,346.0001,555.8718,234839.8,9114.295,554.8427,335.9767,931.5371,644.3879,289.2696,529.2281,822.1104,630.1691,402.7926,819.3823,151.7979,2.149351,935182.6,9493.834,129232.8,8849.838,115574.2,236.875,709.8729,363.3933,5885.015,955.0188,32360.29,324.5148,29489.99,360.223,1234.302,761.0812,108781.6,424.8772,12959.39,353.8824,708.3642,711.7411,163.2391,718.1727,471.5966,888.9717,3226.821,468.6288,171.7828,458.312,414.9529,24.08927,807.0153,248.0765,1497.821,529.4472,117909.7,244.3192,71574.88,1189.422,1116.683,167.3973,650.3193,948.1987,13988.73,314.1566,664.0669,66275.1,101.2468,977.2397,366.4561,229.4474,1820.311,652.014,906.3815,512.0375,841.3512,528.137,563.8906,788.0886,4866.156,461.6104,776.5606,3.9267,679.5918,195.6695,1540.031,398.9651,135917.9,217.4689,57978.04,645.4708,1086.452,134.3138,1018.123,407.3186,5177.271,169.9269,354.242,36771.39,80.21214,519.8743,353.25,228.6827,2205.028,456.142,9194.847,645.971,335.5427,711.8569,492.0113,724.7199,1145.389,908.163,3296.568,119.1237,187755.1,222.0983,234591.7,508.8011,14876.2,800.3523,397588.3,350.7659,20551.63,377.5046,7041.622,1004.652,22430.76,501.4354,327.3917,9403.119,7152.657,745.9241,383.2872,296.1765,36196.82,603.1741,38899.43,644.6525,2054.577,561.0675,912.7386,659.4747,301.6573,525.0989,1237.419,65.44775,2083.25,351.328,1545.938,299.5576,1552.394,1302.594,897.4203,351.6835,945.9667,3028.155,1087.638,656.0647,563.5434,229.1332,364.9516,513.1494,303.4967,445.1059,420.6322,767.6284,410.8402,699.8949,299.1649,905.3357,631.9589,751.8059,416.4781,333.4594,257.1823,404.4459,283.4705,59.80983,4.0259,80.50974,206.0939,289.1126,179.4088,498.6537,4401.694,603.9926,86428.51,453.7405,196.9798,766.0702,276.0263,242.7568,807.3129,15873,41.59408,5.699914,25.92862,0,21.03058,98.96109,154.1126,898.8257,26.82556,33.87295,3.025625,111.2455,2.707356,63.09999,553.1396,29.04931
6/10/2021 21:44,48,753765.5,1917.684,8964.627,2107.749,926190.3,29931.76,1526.341,704.5532,1867.547,2199.32,2930.554,856.4545,22184.84,4287.195,892.4023,606.4561,151922.2,878.6218,1579.901,932.0786,161189.9,894.188,852.2756,854.2845,933.1078,835.2214,1011.629,3337.199,1167.875,752.2068,1015.56,3507.865,52830.56,677.1986,6765.476,830.5673,34854.46,694.0132,609542,6389.493,32726.68,677.7235,3034.624,2282.165,24205.87,2455.006,1000.015,158097.1,13173.82,3191.03,5623.013,1130.393,718.028,656.2135,42474.28,1089.39,4164.29,1146.704,1837.121,1179.481,8526.849,819.651,6521.847,964.0129,105758.9,1127.442,26817.97,5006.583,43375.46,995.8069,2118.678,848.7871,20334.16,799.8935,6763.777,1166.205,42122.8,1095.289,14335.63,1128.223,1193.448,717.222,27914.67,6112.916,20257.21,758.7375,669.06,792.2964,747.6766,770.2944,1509.27,876.6254,1038.509,875.6747,1541.13,747.1848,38937.47,1677.664,988.5611,2112.759,219189,1025.042,117226,871.5826,2937.708,613.5571,3146.671,901.8471,33794.1,768.761,1026.125,127349.7,4266.586,1029.965,1868.344,910.1345,6312.934,845.9061,2894.337,834.4897,729.4692,1105.201,2323.66,363.166,4718.347,1481.259,41979.23,827.0332,38524.51,3713.566,420517.5,3294.36,82432.98,12163.63,23631.91,1150.92,1011.398,809.6442,30198.67,1798.089,6231.912,1223.332,1081.372,99581.88,25628.59,1153.135,36683.56,1192.576,190197,926.8871,4215.18,908.5557,1153.619,636.3113,18701.34,529.9391,2329.827,806.4201,29353.27,691.8018,1593.339,514.5588,219913.2,658.7927,1079.165,1034.917,2474.118,713.8616,1038.054,920.4101,1482.548,2642.276,1606.508,907.8157,825.074,1585.486,809.2762,943.2263,237059,10967.59,1009.898,697.7497,1001.705,612.5569,638.3698,1030.87,1307.426,852.0897,1046.697,910.738,967.6462,666.9603,908658.8,8035.854,127766.8,8798.456,119624.5,752.4259,1272.565,938.3861,4673.14,837.3005,29989.88,1193.605,25617.56,1010.026,914.5035,2546.646,134491.6,820.8373,13426.42,957.8047,829.3975,820.796,1363.321,1064.375,743.2581,577.7663,1185.21,628.7018,809.859,922.5594,875.873,818.0472,1434.287,627.7594,2981.101,615.4089,96008.03,660.5618,65999.84,2058.479,1052.55,638.6839,1945.196,862.0015,11495.33,611.8129,1159.703,51636.81,646.5869,1282.683,718.123,660.5039,8407.7,892.1089,2080.394,762.5775,1664.635,741.1708,1160.187,1399.12,6168.667,1103.886,1823.104,806.6267,1964.594,787.3859,2553.264,616.0826,119818.9,459.552,55168.55,810.5493,931.5289,2918.472,1471.996,1698.541,17758.86,753.0294,810.3385,29030.49,935.406,826.8018,998.3778,1011.526,2612.115,4627.417,10443.82,2052.515,805.1842,717.3708,1033.003,1017.891,1393.35,905.3233,3547.017,675.8387,109620.3,519.0518,264019.2,1205.761,23388.94,1102.005,323519.3,940.4858,18032.83,15479.41,10512,2141.684,23946.96,885.2599,319.9971,12359.05,7742.368,841.376,729.3121,613.1355,1275.677,976.0411,43704.53,800.1787,2823.417,1208.2,1176.336,759.184,898.7141,925.9364,2466.649,554.5492,1717.828,314.7601,3911.786,678.1286,2809.14,786.6667,1043.109,311.0773,1433.171,3626.382,2576.291,4820.123,2047.732,653.4482,637.7001,1162.187,840.7023,688.1768,709.91,920.0051,843.9924,1269.659,861.7452,366.9025,1255.077,1097.975,1456.012,2920.344,10812.89,497.5955,684.5188,952.7909,639.7958,518.5103,904.8273,760.1098,774.1963,693.2072,3893.124,776.1763,2465.265,663.1534,580.0975,1715.798,852.9287,630.599,1224.498,15003.3,623.7625,809.921,818.349,841.9133,526.5911,751.0288,1340.195,576.7743,964.2982,470.431,3642.75,656.5565,775.5273,711.5469,1117.32,362.2153
6/11/2021 3:44,54,624381.5,3247.93,7680.781,2808.313,879509.9,51226.66,726.6171,249.7836,1509.775,2263.337,903.5005,475.6308,17485.41,4591.113,447.0816,159.6183,186648.8,261.3694,1419.262,371.5236,232127,227.637,511.7936,249.114,856.6033,470.2739,670.5894,3389.015,1320.363,313.5986,503.374,2543.58,49467.35,723.4468,11553.51,327.5777,33839.45,448.1522,653228.3,9716.391,38574.45,480.2891,13829.56,2377.381,31716.57,2219.234,437.2814,137369.3,15556.91,2436.009,7484.575,505.5853,472.3778,256.6945,64957.75,1194.795,8034.337,230.9561,997.1626,456.6173,19823.41,265.697,5438.396,365.9973,84817.47,1573.718,22948.69,5663.735,38203.38,253.4664,1189.306,278.0269,30324.33,311.1021,3501.215,315.7273,40511.82,393.91,13723.28,233.246,660.8429,440.9394,30962.53,12521.72,14251.91,416.7923,442.7126,340.3167,538.3877,139.2408,629.574,666.0757,606.4436,285.1859,814.7778,555.5742,27608.21,720.3262,495.9711,1400.311,249172.5,491.0565,132224.9,286.3018,1511.494,248.2046,8395.479,315.19,29069.15,596.4532,361.9301,96379.77,2543.646,362.1492,1915.419,282.8257,11942.28,390.2313,7682.303,132.987,135.7109,537.0154,2253.405,269.541,5033.785,322.8574,38576.85,53.37418,39507.25,3535.964,453411.1,3525.846,95375.61,20335.88,23986.87,433.2018,483.8024,319.6623,61290.59,1776.956,4948.671,536.7839,321.9852,83488.44,20685.56,368.0599,40213.14,390.0783,277111.3,556.9176,6270.973,198.6414,312.557,356.9701,35162.7,124.1829,3656.572,280.945,24482.3,140.0468,1037.74,192.6439,232179.8,325.4242,1085.327,641.6888,1078.073,440.8981,444.2957,137.6742,669.0063,783.4427,1281.216,517.4563,264.5975,301.8888,261.977,285.7893,350210.7,19018.62,914.4622,202.4772,1028.771,155.6544,318.0503,333.91,646.3472,176.8668,500.8815,603.6619,539.9047,222.462,844308.9,9768.17,115426.1,17355.33,113132.7,423.4966,624.0807,264.085,2848.544,508.739,26021.12,399.8785,8603.134,236.9701,859.9307,2268.165,173942.8,319.716,24021.48,293.9568,743.1259,231.7042,520.6514,440.6336,375.5206,191.5899,300.81,151.8269,341.2881,356.503,429.0105,426.2866,830.9268,168.8315,1743.355,301.4052,109277.5,475.8912,65846.8,1493.766,1467.573,522.8008,1202.132,336.1916,10618.78,620.6624,488.7997,32850.29,324.5025,610.1182,447.3379,325.3787,10495.77,399.3577,4386.946,143.1881,1360.333,416.4244,569.5367,401.3872,6707.807,596.0895,1070.823,152.4634,757.6959,347.6576,5888.851,236.7345,111591.3,216.4604,63310.23,208.2804,525.165,2372.553,2705.591,627.1973,12666.33,323.4278,212.8891,22994.39,236.4493,183.8274,1144.968,318.1247,2826.533,2252.264,10771.07,732.2302,553.52,396.5884,566.3334,367.1382,617.397,279.5107,2773.163,325.9739,85422.02,290.2575,232222.7,1005.545,20495.02,797.5045,306115.3,406.1406,16391.71,15989.14,9314.351,935.6664,19301.77,306.7579,259.1911,10838.35,7746.526,440.77,361.2935,253.8839,340.2547,210.6282,67482.52,70.20525,2916.591,345.3098,761.5937,274.2944,425.0384,303.4802,2439.89,55.6186,1131.067,234.4984,2251.425,126.7497,4265.801,507.0981,496.806,380.9518,1581.418,3883.378,987.259,3552.394,8067.872,362.2153,301.8929,1014.862,246.0966,268.0117,376.7772,613.0446,1463.981,320.5634,570.2271,223.8384,1160.555,442.1794,291.576,3173.005,10879.07,389.3715,475.9987,325.3663,171.3901,202.006,476.4822,578.903,683.4979,574.9391,3827.61,742.7042,914.8962,394.2365,76.22343,1618.247,276.08,314.479,600.2684,10875.47,231.6835,426.0345,427.5886,300.3594,306.5099,297.7554,787.295,369.2462,518.746,258.1743,1316.895,158.0104,489.9612,242.7651,604.8564,92.01704
6/11/2021 9:44,60,556372.3,5755.777,7974.011,3326.278,781499.6,48211.12,677.798,442.32,1484.288,1726.239,606.8404,395.0012,10450.68,3861.425,268.2969,58.71862,222265.6,437.6906,1056.439,122.4758,366013.7,222.5488,133.173,72.76794,2673.152,126.4645,660.1484,3662.255,2258.638,109.7905,325.4986,2601.81,46108.44,926.8003,21490.12,208.6979,34389.02,71.50726,638636.3,13013.93,50537.63,445.6969,40666.15,2328.446,50849.45,2241.649,249.4901,104503.1,21026.29,2278.858,7652.29,501.2494,1830.801,66.52242,109022,2244.427,16366.86,109.5301,516.5428,317.8188,41996.57,75.65303,6676.311,69.79192,80196.08,1398.091,24105.63,5438.76,36074.25,107.7238,1117.592,373.1935,74240.96,281.6105,1713.727,233.651,40519.38,162.0239,14007.98,196.0374,463.1646,280.2878,45488,17395.18,11208.47,352.0431,423.6992,213.104,553.5159,123.7613,485.2905,509.1069,312.2677,188.3328,551.66,66.32402,26842.5,537.2965,438.5999,1284.981,308484.7,392.703,143078.7,198.7571,1676.911,159.6513,22742.05,175.8748,28233.89,380.9312,264.3826,76382.97,2155.588,146.594,1838.427,159.0603,33360.91,216.3157,19262.48,73.54088,110.1832,595.7051,1050.896,122.3188,4156.933,272.5626,40651.2,70.68886,34208.79,3149.068,456326.4,2269.475,120307.8,28587.89,31141.59,750.0369,875.6375,310.6887,107735.4,2754.431,4249.09,239.5493,204.4818,65867.9,18781.3,279.0189,55509.93,235.7549,379907.3,549.9074,13058.21,211.3804,201.1876,106.6988,65175.18,161.8379,4489.734,215.8527,20110.1,48.2984,673.3215,165.4794,333256,188.0476,4391.538,477.9579,763.1024,274.1043,189.9903,136.3309,353.1384,618.5254,1327.142,393.0048,34.19535,117.6315,181.4507,135.3885,476764.5,28766.79,1277.628,19.22429,647.8104,78.21572,169.7409,206.656,497.4136,83.81644,1051.26,352.2787,217.9608,122.5585,797577.1,7049.839,129821.8,32457.57,104924,73.66075,363.4925,145.9492,2936.977,75.1281,27397.79,266.3212,11094.42,191.5816,530.4971,2053.813,222879.5,154.1664,42867.11,266.7717,526.0289,227.0707,131.0815,192.0032,165.1156,120.9465,165.839,195.467,218.5808,112.626,240.8307,137.7404,531.5181,142.5723,1410.417,170.2493,122443.5,581.1846,72363.54,1455.768,3024.063,187.8409,1133.146,120.4794,16628.88,309.3867,585.6982,25561.13,97.11348,383.7212,310.7921,110.3196,21555.14,298.8012,11046.46,45.78945,3755.487,229.5383,389.0491,249.1884,7574.025,167.6453,959.9499,139.9352,481.2935,139.9145,18578.9,192.4538,104068.4,131.0236,73371.52,414.1015,333.6331,2164.194,14410.07,263.961,11153.7,284.7477,153.7324,18045.14,354.2462,158.2419,2194.674,117.5489,6205.124,1724.78,14223.92,226.6408,368.8576,171.9068,772.7455,175.5565,361.2563,94.19533,2396.056,123.0297,73152.98,377.0252,222785.6,697.2372,22095.99,784.5256,298882.9,526.0496,15735.87,16484,8159.177,699.7958,20145.93,174.8456,103.5409,11752.1,7795.702,145.8335,168.5215,169.6624,275.0302,132.3132,102154.3,49.06721,3661.044,282.5901,635.5343,46.23172,508.3216,127.75,5416.295,137.017,708.9222,131.5114,2207.694,298.6234,6106.067,226.7896,508.0695,239.6155,6089.282,3795.841,854.2845,2978.257,27643.6,208.3135,68.68005,854.425,203.5064,105.0661,258.9679,509.5244,3775.67,230.2327,210.5662,122.7734,4340.309,270.7852,466.959,3176.907,11626.81,193.2143,214.7946,127.3119,82.61362,124.9434,271.2564,630.7106,171.4438,299.8345,5001.251,368.3947,1354.744,287.5171,196.2978,1235.389,150.0743,252.3628,608.6467,8232.995,23.58086,235.4449,735.7023,120.6943,585.504,119.0369,554.2598,360.8968,442.3076,64.97655,618.4676,95.65027,124.5053,65.46014,405.8389,87.7514
6/11/2021 15:44,66,556689.3,9416.361,7579.675,6366.573,826647.1,43174.43,1158.339,684.6304,1795.787,2088.223,809.2184,215.8238,16429.42,5802.124,105.806,96.24133,359999.6,238.5325,1028.299,146.1104,449563.1,492.776,250.1845,424.9846,5583.841,181.7773,1614.502,5013.428,4983.263,75.73157,728.6094,2988.045,46729.05,1067.062,30846.73,241.244,40741,219.9902,648486.8,16482.19,65793.49,550.6555,62378.91,2733.731,62605.38,2688.818,141.1917,97000.23,22917.68,3795.837,5800,1111.769,4823.388,155.1956,182974.4,1968.413,26544.42,129.5604,212.0831,445.4531,56568.78,173.4857,6217.524,101.9743,75032.88,2108.266,30081.25,9568.768,33679.53,1831.318,1583.344,260.2575,134691.8,252.6687,2410.572,237.6356,49296.58,583.4745,16273.81,109.5797,355.5316,493.3257,64333.83,16719.99,11109.04,295.3374,623.5062,173.5808,587.116,166.4094,354.9778,471.3404,746.6102,161.1972,1622.599,217.0928,20499.18,965.3274,581.4119,2120.844,380073.4,1057.898,171238.5,188.031,1800.454,355.5936,43309.33,121.8889,24829.4,600.4543,174.0437,65550.52,2989.5,139.7905,2822.652,327.8877,58920.09,327.5694,42311.48,231.0098,292.3242,405.6074,1167.143,87.66873,4695.704,301.0084,40574.01,76.35571,34288.74,3232.157,457841.9,2324.573,160746.4,35111.85,45778.78,692.5499,1806.604,273.0462,129291.2,4258.824,6378.601,533.1508,71.0154,60308.02,19575.58,103.607,67162.71,931.1403,420570.5,555.0038,21298.23,59.35103,564.9033,84.49431,98487.75,43.9749,3308.182,365.9477,19799.45,39.96967,799.5835,276.9108,378219.2,142.7004,7094.405,435.8802,1611.311,421.5457,156.4314,286.4796,1055.447,597.4949,1890.206,575.0424,64.5136,256.5871,495.0452,277.2002,518189.8,29426.1,1557.908,125.5552,759.928,97.49374,378.6785,210.5414,658.801,117.8712,970.6429,393.5545,568.0115,81.34882,845493,7667.777,152427.3,39270.89,96400.63,61.54998,723.017,395.803,2909.866,339.8662,26103.77,353.9155,11216.76,235.7921,1048.259,3416.547,312646.9,77.59985,73847.3,205.3374,664.3976,171.2744,307.134,601.124,247.8326,53.59325,159.2793,44.1485,337.9194,138.8977,411.8653,165.4546,731.6599,199.0837,1846.57,238.1357,137984.8,1676.54,74070.39,1327.291,8462.625,230.1005,1491.526,329.3054,21607.6,132.0818,460.4489,27471.14,390.5247,600.971,297.1644,263.3286,40365.83,379.0298,14303.6,55.4326,6246.519,191.0319,309.8703,219.7174,7803.456,61.30198,1672.886,46.44252,1012.576,289.8979,34735.85,177.5488,122341.4,379.8978,87913.59,371.0318,298.0489,2969.089,26632.64,197.7403,16291.04,131.1683,122.9801,15840.75,487.167,225.8968,3261.645,297.309,16294.18,1921.669,26525.36,389.7601,177.1272,168.0669,505.4655,223.8715,543.8892,198.4182,2325.982,116.0939,78041.87,395.2409,210176.5,746.8624,22102.96,772.3364,297578.3,371.1351,17465.63,22186.5,8767.199,873.3186,16841.19,204.7836,142.3367,20868.63,9624.018,86.94952,221.7676,139.4309,397.878,111.6671,141140.3,43.8261,5508.378,164.3344,520.1843,109.03,218.9445,459.9901,8071.525,36.45217,1270.709,397.0472,3670.906,225.5868,8253.373,212.0252,272.2939,71.2014,14248.29,5757.112,1599.328,3898.039,43956.37,234.548,61.02918,3268.176,385.8788,47.24026,172.0928,760.6306,7043.474,194.7064,416.2591,100.6144,7758.844,793.1933,476.164,6221.426,13399.42,108.7076,279.2958,198.5298,169.1829,385.9036,380.5261,376.1282,218.1633,411.2742,7391.549,1046.618,363.6703,396.4602,151.7773,1428.244,76.45905,108.0297,705.6816,9020.315,74.83463,109.2573,725.3978,330.1362,512.6203,211.7359,1220.137,870.7683,601.0289,25.21768,893.3448,43.22676,198.6166,137.4841,197.5957,84.83324
6/11/2021 21:44,72,409859.4,4780.798,5093.119,7618.942,598097.4,28732.4,1408.305,999.3408,1835.327,1688.216,970.1304,352.7788,19718.37,4941.326,122.9966,97.98562,344179,116.0732,1384.798,97.63842,384543.3,24.0066,259.4846,150.1198,4041.963,270.8596,864.4277,3512.867,2307.734,72.07353,616.2686,2389.756,32032.64,1048.776,24045.67,525.0659,35008.18,374.2971,509070.4,15436.42,48405.14,953.0472,45849.06,2190.052,47253.15,2235.879,53.89912,68474.27,11190.01,2374.587,3743.881,715.734,4516.283,86.37086,177136.9,1694.156,20097.01,102.429,249.953,159.2215,33293.95,150.901,6926.963,36.6795,48952.26,1321.31,21561.14,6476.537,22738.38,505.3538,1635.041,251.3129,126778.3,203.2749,2541.616,272.4427,29363.25,804.0145,13615.58,47.7652,271.7896,239.1649,52051.66,10790.01,8203.999,156.4025,603.6495,104.5825,118.1978,51.76217,341.5856,443.7088,563.3904,160.9988,1058.167,89.94622,15399.34,929.0447,260.9726,1924.356,245837.1,750.723,136057.3,195.4628,898.0486,213.2694,44326.05,136.6243,18843.54,654.5395,40.52354,42740.55,2496.877,138.6166,1661.465,728.8243,52117.26,262.7913,41303.41,111.5472,155.5345,33.81508,521.1102,68.79164,3092.656,225.004,30296.66,11.15596,20693.4,708.6577,319025.6,1519.112,110938.5,20743.44,28334.84,504.0973,975.2062,344.5204,85607.13,3805.968,5039.898,455.7906,232.5598,45517.71,8985.016,156.9853,47069.42,780.074,319878.5,441.5966,12444.57,151.7442,360.7852,138.3232,68987.3,115.6434,1252.642,175.6681,13434.18,72.27607,901.6859,512.8972,332599.1,252.7389,3458.129,524.9667,2097.031,450.4007,228.6248,85.15977,456.5305,818.2208,1630.721,477.1436,106.8062,115.106,876.6873,70.28793,436105.4,16323.23,774.8618,126.9771,600.0989,29.22291,267.9828,137.4097,523.1686,89.34274,893.0596,276.6752,1198.367,111.2703,650806.5,5763.341,110547.2,31111.75,68868.6,117.7431,563.1508,221.317,2323.903,561.8652,15269.3,472.5018,7488.241,263.9941,369.4322,4947.509,270250.1,61.07465,73361.55,192.6439,774.6552,107.141,183.071,268.6813,107.9264,58.17715,152.0997,94.97653,451.5704,97.43175,468.1618,72.15207,649.3687,389.9047,1775.716,417.5198,112691.4,1640.455,48493.54,880.5644,3914.882,185.9809,1332.693,213.2032,19334.99,422.5666,425.6584,24219.09,591.1295,264.6761,407.9841,262.4027,31120.64,14.92973,9498.863,5.468446,2724.22,100.8046,277.163,78.93492,4472.99,41.42461,1150.015,33.13721,1132.795,406.8805,24677.73,330.5454,80089.98,240.8513,60458.99,190.9203,266.3418,1998.93,20342.87,389.8221,18397.58,91.8145,80.29067,15392.91,1779.845,60.66131,1955.071,193.5946,13702.5,988.7884,22269.45,275.2327,602.9013,149.2477,206.2592,179.6196,395.7783,219.3537,3022.959,135.8555,59146.29,710.8856,154186.8,786.1831,16625.96,689.2391,248191.8,208.2019,13753.19,17002.37,5336.203,782.9798,8470.371,162.7431,66.36949,18991.67,7749.879,48.64147,260.7535,231.1297,235.8045,34.72856,116500.7,63.7324,4706.77,45.20665,493.4539,76.87651,206.3667,172.0349,6284.145,18.12482,2487.998,573.6577,2400.47,93.17024,5149.118,285.8265,407.455,138.9969,6993.08,3431.435,1396.599,3233.215,33960.91,180.8762,74.74369,4419.054,221.2592,26.35022,659.3176,710.5631,3810.87,45.40091,584.2557,18.04215,4809.29,236.4245,573.3105,4494.459,11739.71,116.7098,182.4593,124.1622,41.35435,348.7405,582.7471,201.1049,228.2942,452.6947,5208.961,375.5536,312.5405,265.2589,99.8291,1535.216,177.5612,233.1881,168.2611,7911.283,88.92528,32.93881,485.9849,69.45298,601.496,113.7668,949.7074,335.5303,818.5721,12.78864,674.4045,37.77898,245.1004,27.9457,168.6455,22.77899
6/12/2021 3:44,78,341457.5,5008.897,4278.635,11950.63,502308.6,27276.16,3672.018,1457.81,1841.097,2314.665,2431.805,979.2403,28574.3,5157.191,256.678,137.0625,303279.4,247.3986,2396.614,333.0792,348001.4,129.4778,494.2144,305.5013,4376.439,254.9337,1368.447,3497.292,2262.911,261.4314,1052.426,2353.932,31168.5,1202.872,21849.38,862.39,32850.6,746.0233,472805.7,22396,34370.68,1917.081,44486.52,2636.188,38837.93,3186.715,306.1214,59891.67,11856.6,2182.125,3730.53,939.0723,4632.629,103.8137,157882.7,1653.074,18490.84,120.3471,630.3138,370.5647,32318.05,157.5516,10879.53,75.57037,43124.19,1283.841,20665.79,7590.368,19080.19,717.1393,2507.483,360.8885,132666,459.2213,5436.466,828.9759,29281.43,1676.395,13365.39,106.6905,493.3712,115.3251,45455.83,10552.41,7404.152,275.365,877.4065,95.39813,554.5616,175.1267,1028.398,392.67,1319.342,514.5712,1941.393,65.55521,14455,1042.717,320.6088,2238.587,197962,861.303,113045.8,133.9707,1240.899,689.0655,49818.21,599.7682,18451.1,1050.078,149.7891,37896.78,3029.333,338.4567,2198.456,1559.387,51528.04,160.6309,42501.85,88.30113,483.1328,132.4786,671.1639,94.75333,2246.626,424.0257,29890.31,43.69383,19371.36,1353.971,246299.8,1152.085,87072.83,14627.49,24461.82,561.4767,574.2323,434.4914,73562.84,3489.65,6653.768,1005.673,149.2518,40711.21,8025.996,115.1143,37525,1337.021,288966,455.3442,9431.35,184.3027,434.2516,41.85862,53974.15,210.0288,2323.027,139.1994,16332.38,39.94073,2294.457,816.3939,263694.3,196.1242,4086.698,604.7985,4334.779,285.0784,557.8063,87.40006,738.3848,1747.877,2305.836,757.8984,221.1104,77.44691,1920.247,244.2697,301241.8,12433.96,1523.621,230.3774,752.2936,97.73762,370.0191,66.77456,740.5673,262.5474,1199.809,586.434,2103.55,89.03688,581791.8,8285.803,83844.8,21843.8,53776.88,275.2534,1041.981,435.8884,2449.793,1069.629,13243.95,1167.643,7234.601,571.3596,389.4294,7816.554,234210.6,154.3648,71949.17,924.4525,810.0698,114.5976,280.4242,214.1829,266.6725,130.3582,667.8118,189.6017,811.9175,155.1418,849.5931,121.4466,1179.924,756.1831,2218.994,368.1508,90118.41,1556.746,41457.21,958.3751,3381.442,306.5595,1761.22,381.1585,16209.44,749.8962,539.0656,22075.13,873.3228,368.0599,712.0264,593.0515,34694.31,28.45411,7204.51,67.75417,1783.916,48.07933,591.2948,177.8092,6336.949,228.195,2521.805,51.13389,1540.37,876.5675,20514.13,492.4908,64271.45,505.3043,52058.73,296.5361,352.5267,1974.324,13366.51,802.0181,20596.97,276.9439,140.2824,17047.65,2603.571,836.6226,2965.712,533.2458,12245.29,667.1132,25579.57,223.7061,859.0833,135.7481,462.0857,293.4609,545.3937,105.3223,5720.825,133.6773,50612.57,1265.352,126671.1,1371.877,12948.9,863.7292,175365.1,246.4397,12269.13,17132.6,5190.299,1226.854,7422.893,531.4106,110.9355,19152.24,7301.032,107.9801,455.7162,306.5512,564.9281,134.7271,121498.2,123.2033,5728.853,98.88256,1027.642,129.4819,360.3511,124.4598,8187.396,35.9107,3899.271,857.6284,2984.883,190.292,5769.524,413.4401,579.618,217.6549,6091.01,3453.222,2238.834,3258.541,27708.61,556.7812,147.9539,5037.459,379.8979,184.7161,781.2644,874.6124,2610.135,227.2278,884.3382,73.95008,5644.734,266.2798,952.266,4333.518,11091.96,279.0643,658.7473,117.4414,83.54363,1238.307,1639.327,158.4775,259.5466,1400.84,6742.325,439.8069,256.9632,329.2352,396.7868,2171.49,339.9158,705.1856,518.2458,8504.086,75.85971,70.34992,938.5638,91.68637,984.374,78.94319,2280.181,356.7882,1679.805,28.1937,1369.86,229.5797,385.7383,57.00741,1255.267,20.70404
6/12/2021 9:44,84,303022.3,7512.81,4101.913,15568.2,412097.6,30836.13,5819.972,1563.893,1992.416,3609.05,3663.168,1339.414,34666.29,5822.229,312.9249,518.6178,282418,565.9903,3479.147,778.7513,316791.5,350.088,771.4352,959.6523,4368.986,364.8317,2239.959,3885.197,3780.292,743.8947,2058.93,2338.403,30682.21,2432.735,26841.36,1176.542,32485.29,1817.996,389247.4,22555.27,37044.84,2615.653,48978.3,3238.477,33094.12,3697.244,856.6529,56214.39,17408.29,2889.547,4795.587,1868.625,10222.01,490.5564,156870.2,1780.448,16505.58,497.3268,1576.487,431.4575,28750.78,891.4021,10502.07,22.03498,44561.46,1960.225,23303.42,7640.522,18142.07,2035.733,3935.702,1211.494,122606.5,702.8999,6649.2,2233.8,29020.03,2219.544,13434,96.60508,1293.31,620.8815,51809.32,10723.46,7472.336,967.2164,2643.979,245.4435,1081.707,258.6786,2908.002,1012.642,2111.854,1422.445,3077.243,98.93629,15145.56,1784.664,1037.777,3115.216,173283.2,1211.54,96747.55,59.92557,1819.372,1227.338,59782.78,1114.116,18190.34,1280.141,818.1796,36172.73,4456.692,1008.054,3390.664,1965.239,54161.75,527.3268,53136.61,118.4582,648.3849,375.0866,1073.506,375.4297,2545.638,1172.909,29006.12,71.7966,21203.69,1767.449,184466.4,2409.609,80557.19,15103.14,26357.53,2387.251,1220.79,911.2009,60319.02,4259.01,8897.393,2106.087,420.4007,36311.66,10176.53,692.116,37510.52,2141.519,246930.2,928.7264,10705.84,423.7322,1126.004,203.6676,50370.77,551.4905,5817.207,742.9357,21642.68,157.9814,2874.6,1158.004,221182.5,498.4305,4210.484,1194.345,6573.129,938.6299,1127.405,428.9816,1467.759,2701.838,4072.917,870.7104,635.0052,86.22619,2442.101,599.3673,283295.9,14651.07,2127.097,485.5343,1121.226,58.26395,880.3123,200.3402,1810.721,1152.325,2721.798,530.2904,3085.906,131.222,465365.7,11222.02,79197.89,27342.79,49895.26,567.032,1993.416,803.4689,2932.575,1466.734,11134.71,1931.585,10628.65,957.8915,1279.906,7932.297,182579.2,378.2197,85522.38,1858.065,1229.181,494.1607,53.94458,308.961,672.5609,556.4712,1339.406,574.2034,1443.165,684.866,1557.837,304.4308,2378.286,1130.757,3525.788,760.209,88735.83,1870.184,39186.17,1687.737,3996.066,222.2429,2247.635,633.6619,15031.49,1896.497,1005.231,23141.54,1984.244,580.7961,1280.397,1230.516,39669.61,199.9682,10371.26,188.4526,4267.645,216.6587,1708.362,269.6031,8623.317,550.9366,5426.194,256.2151,2768.377,1319.437,20677.63,919.3107,57849.66,1606.061,48562.85,762.4658,1270.064,2037.114,16210.54,743.4606,23824.74,911.6804,807.3376,18087.67,2268.686,1642.39,4051.709,610.052,10638.47,812.9714,28308.38,230.8817,1333.896,483.9141,923.9276,756.7742,1931.258,352.4109,10652.51,238.5739,51067.17,2377.265,116171.9,1932.722,11498.84,1200.049,181471.5,746.4119,12593.98,17374,5295.328,1941.914,8113.834,1695.193,450.6239,17532.25,6326.822,617.0623,854.1687,839.0323,397.7953,321.2123,124864.8,159.114,7871.288,251.9908,1866.939,201.8985,488.5021,272.8767,9974.49,165.7687,4672.177,1672.588,4236.227,522.871,11483.95,1063.441,1184.334,509.6691,6174.521,3661.961,3332.218,3963.139,29620.08,1519.434,406.1613,4819.945,607.5596,796.6405,1662.292,1160.038,2019.332,475.1513,1697.574,300.7769,10102.79,492.8711,1548.397,5241.057,12639.88,523.9581,873.6493,375.8596,148.6359,1000.168,1954.066,198.0834,473.002,1371.348,9528.367,1170.698,643.4166,474.3577,1013.155,2764.21,508.6274,1113.612,1337.864,7363.76,117.4249,57.89608,992.9755,187.9856,1212.705,87.49927,3063.392,342.3875,2421.145,92.03357,1423.594,99.0107,792.1806,373.3464,1979.784,24.64727
6/12/2021 15:44,90,243527.9,9086.775,4589.832,19285.3,327539.9,33776.2,7812.785,1977.912,2192.764,4073.339,3973.303,1734.762,37084.54,6061.688,731.8127,795.0492,259726.8,705.4584,3516.211,889.5297,254802.1,667.9729,1950.788,1814.544,7728.683,914.1398,2167.571,4926.23,6504.76,1186.206,2650.196,2355.83,29964.46,2578.982,31529.6,2663.017,29615.05,2123.604,363143.5,28105.17,34517.06,3128.286,52529.94,4153.138,31756.16,3725.409,1254.051,41697.22,24265.31,1486.628,4978.538,2026.231,18801.34,1224.271,153988.6,2268.372,18171.08,964.7405,1627.125,636.952,29077.76,1295.083,12042.68,58.92529,38700.19,1771.805,22312.33,11513.19,16631.84,1630.56,3560.429,1849.24,123616.6,785.6085,8140.767,3016.648,29170.3,2907.027,13937.27,88.21021,1736.672,765.9172,50858.09,12586.16,6764.033,972.1516,6492.715,711.4683,1671.53,670.457,5281.618,1216.405,2611.396,2868.202,3068.29,121.1904,14602.04,3021.678,1778.212,3450.052,149615.3,1199.685,97993.56,87.78447,2471.403,1193.469,60355.22,1122.028,20346.85,1614.06,1230.537,34206.77,5291.104,1286.081,4355.173,1422.561,59217.31,707.1779,50683.07,366.1627,1050.562,328.516,1229.586,840.3922,3048.896,1447.7,27341.96,69.59351,22623.61,1846.962,165434.8,2751.116,67901.09,16109.57,27573.12,2492.14,1860.412,1058.973,53401.71,5490.419,10001.49,3171.661,957.6145,32234.71,9233.295,755.7946,32969.17,1410.537,210852.3,1105.949,16618.24,732.5858,1968.905,407.3351,44661.93,1282.129,6972.078,1443.558,22107.08,332.8395,2825.542,1458.24,198851.3,770.4805,5924.853,1515.057,6333.266,998.9937,698.5433,619.3149,2104.327,3655.555,9096.567,1290.396,1015.568,177.9332,2452.608,1112.488,261578.3,15729,3249.505,894.2086,2253.512,442.5308,1266.6,531.8942,2189.867,1336.02,3829.623,1026.617,3108.946,179.3964,428552.9,12321.39,68006.29,32136.71,43385.11,634.7241,1632.184,736.5703,4194.033,1319.545,8194.314,2138.15,26861.41,1979.697,1982.028,7614.924,176667.6,834.5394,89306.79,1926.013,1423.478,758.4027,41.47835,632.0912,793.5984,897.5939,1879.765,650.2242,1746.989,1579.133,1811.035,529.5216,3254.932,1107.759,2908.688,1081.248,85999.05,2125.708,35521.79,1762.848,5610.795,98.71309,2538.855,1289.235,16273.3,2795.868,1359.965,20726.59,1735.084,844.9802,989.2761,1386.141,37549.99,452.7526,12278.8,246.4645,7012.18,380.7865,1325.195,589.3232,16246.85,687.8214,7019.533,280.7425,3027.713,1729.6,19808.23,856.9547,54086.52,1443.641,48583.02,1187.612,1754.251,1960.651,17099.23,1475.389,22949.79,1412.173,1218.922,17485.59,1932.312,1985.715,5092.223,1073.911,10005.21,1351.458,32898.81,229.9393,1563.298,940.6677,2148.157,795.3096,3360.507,933.7567,12495.71,326.3914,45917.51,1920.789,102484.9,2660.401,10373.47,1444.736,160275,686.9823,11833.87,17275.06,4626.062,1814.991,6317.225,1377.16,633.4758,15843.87,6146.306,863.2332,1033.751,988.2759,481.558,762.999,115672.9,254.8552,9969.047,490.5853,1926.687,683.597,985.4403,363.104,11433.09,312.2759,4285.715,2377.17,4242.001,1341.617,17389.13,1505.633,1828.412,808.5033,9192.99,4013.914,4465.993,4180.521,36966.79,1665.218,686.9327,3982.463,793.8257,1053.24,1561.669,1225.217,4076.699,517.6465,2002.117,635.5839,12952.48,649.0793,2043.686,6187.896,12846.46,1008.914,1987.013,308.5642,88.80954,1360.345,2042.264,153.7861,664.2322,1383.86,9008.783,1446.704,472.5721,1016.428,1196.313,2523.334,1169.987,1177.485,1651.309,6033.556,323.2831,127.0928,1202.281,338.5022,1340.48,100.6392,3685.245,449.3549,2125.485,82.41936,1614.667,167.1906,968.4647,320.6419,3610.861,22.63019
6/12/2021 21:44,96,121941.1,4406.58,3174.373,3993.048,238777.5,12926.73,3366.731,1290.599,2908.833,4065.973,3015.825,1907.942,11840.65,4852.95,1526.68,982.0841,103920.1,1819.922,1703.315,1606.983,206365.1,1486.942,1946.717,1536.952,4068.015,2200.44,2169.547,5019.054,3333.14,1670.914,2031.41,3211.722,17037.2,2833.949,15302.98,1857.912,22341.61,1271.709,203599.8,9517.713,25186.36,1791.273,27753.58,3701.109,22605.07,2835.176,2217.027,29544.52,8343.757,1923.169,5281.035,1603.524,8387.199,1770.987,141482.1,1512.102,14989.15,1462.944,1259.032,1082.996,19013.22,1347.986,4163.091,848.4895,20269.52,19754.2,14203.41,11638.61,18483.22,1110.859,2012.471,1341.497,52462.5,1481.936,7017.483,1386.654,25258.03,1246.384,12453.55,1301.362,2025.02,2201.651,38434.46,5040.117,21360.28,1798.792,2690.136,2031.149,1796.953,1702.931,3485.479,1207.039,2552.355,1602.97,2209.401,1389.783,13747.92,2766.935,1255.366,3245.992,158628.9,1859.892,67069.44,635.6624,2119.417,1916.92,55999.32,1648.185,11211.8,1282.038,2557.455,20551.07,5054.857,1925.91,2937.308,1657.319,40042.43,2313.884,38242.11,1782.523,1788.215,1659.353,2874.823,1044.436,3439.557,1376.176,20407.63,1265.951,11936.99,2082.763,150712.2,1383.314,67924.42,13239.24,16352.38,1647.767,2509.541,2060.153,41068.7,3020.165,9746.585,1391.68,1720.047,23264.45,6080.729,1865.232,23262.22,959.2886,114444.5,2142.515,7893.856,1880.253,2147.037,1406.378,33940.66,1814.685,3876.884,1538.865,7599.47,1864.244,2537.375,1257.515,128284.6,1163.531,3410.921,952.3569,2679.861,1391.316,1335.094,1331.436,4673.785,2010.524,3316.767,1513.379,1249.244,1012.609,1639.186,1285.126,184468.8,9406.93,2833.258,1692.825,3555.416,1482.474,1995.561,1789.558,2975.988,1858.184,2116.227,1991.659,1649.015,1043.828,346262.5,2803.139,53758.73,19989.89,50661.31,1128.885,1500.909,1184.731,4670.218,2360.19,10839.59,1857.192,28017.69,1253.572,2735.885,2827.604,111189.8,1430.646,45873.99,1347.379,1703.754,1654.079,1216.02,1510.99,1557.391,1903.234,1597.005,1337.992,1092.627,2125.419,1580.005,1731.931,1894.327,1093.197,2933.55,1554.816,77488.91,3141.376,27488.63,2164.872,5798.078,1194.432,3947.486,1562.21,14923.57,1723.953,1889.487,10784.54,1481.895,2135.476,1520.187,1238.58,30234.77,1304.549,8602.167,1657.77,2709.658,1627.526,1904.205,1746.567,4040.751,1581.53,3262.24,1062.573,1871.651,1803.471,16489.79,1197.28,43624.83,1980.78,39274.26,1109.528,2472.523,3612.874,10809.96,1404.022,12525.58,973.4702,1690.783,7271.396,1464.754,1722.052,2563.854,2330.079,10107.25,6287.965,24328.34,2284.231,1700.224,1473.178,1552.142,1420.564,2863.556,1334.305,4072.26,1166.879,28686.86,1674.068,119250.5,1227.437,9248.791,1544.602,117822,1338.211,10206.56,19640.98,6239.431,2424.241,5113.753,1152.581,1253.626,3847.434,3936.128,1759.765,1513.776,1682.926,1094.553,1424.483,69462.75,867.6353,3915.114,2986.168,2552.975,1440.346,1719.762,1276.958,5259.413,1143.356,1971.29,1430.034,5316.917,1104.783,4574.13,1514.805,2326.354,858.3104,8258.75,6226.046,3995.826,5961.404,23707.54,1031.354,1184.313,1007.98,1669.521,1028.183,1431.948,1272.197,3132.246,1453.759,1077.296,910.3329,3060.759,2070.648,2115.478,4900.761,11753.38,1453.416,1308.711,1959.683,1055.245,1075.068,781.5992,1030.606,1160.91,1496.106,4510.596,1930.99,1155.198,1283.378,1481.01,2062.898,1163.2,1055.013,2206.979,3925.968,1576.934,1606.239,1398.533,1520.063,1774.843,1688.526,1237.923,1992.209,1134.043,1253.766,793.276,1251.485,1040.232,1501.326,2379.295,1005.611
6/13/2021 3:44,102,81355.16,2174.209,1534.405,2583.834,194176.2,8184.647,1170.281,414.6388,1788.546,2865.466,869.0406,796.1941,6296.388,3642.233,671.044,95.19146,73591.5,907.9521,774.1384,429.833,174815,235.9533,671.6351,446.8295,1752.209,549.0973,998.134,3981.764,809.859,463.3795,634.0421,1973.658,7630.433,1745.798,7125.277,858.2195,14075.49,523.396,190527.8,7624.634,16746.5,538.0322,18728.51,1882.501,15052.17,1960.675,538.6316,21572.63,3179.635,425.5881,2302.84,346.0331,3551.129,465.2684,107258.9,515.7534,12211.84,735.2352,427.4729,410.8196,14586.49,328.3878,1447.365,302.8973,9767.801,16251.7,6145.9,9290.513,10371.48,262.9153,712.1338,499.1786,33339.7,586.6075,2417.355,418.1439,18255.65,377.7278,11694.06,305.9354,550.73,342.2387,25167.93,2541.711,11583.49,383.5187,1153.987,546.9479,468.5462,408.3437,1302.953,469.3315,1560.392,526.8845,914.6937,550.1512,10469.67,1528.292,484.6332,1926.017,114331.4,1992.854,56128.23,286.1737,968.3489,399.5975,50573.49,361.9135,5219.2,702.809,395.5096,13248.35,2246.552,586.4587,1280.517,463.0157,25733.68,515.9518,28445.57,637.7291,489.4362,583.8589,613.8093,329.6154,1143.137,469.6374,11980.35,343.797,5206.316,625.6514,120390.5,926.606,50778.45,7992.09,9640.68,1290.359,844.9348,497.3268,31109.78,1047.896,4486.775,583.2017,616.9961,14537.49,2223.272,531.146,18748.45,324.4777,86572.13,451.9011,4406.373,621.4395,499.005,630.2063,23820.88,668.7335,1509.353,374.8469,3365.306,615.4626,581.2424,484.3522,100462.4,274.0299,1284.44,566.2962,647.0623,639.9528,625.4116,343.95,1642.638,1010.129,1316.064,952.7,339.2668,308.0351,330.5826,418.7308,143140,6017.456,580.329,462.5611,706.1859,272.9635,655.9407,848.4647,1229.491,418.1604,968.4977,622.1587,408.4718,368.0516,277691.7,807.408,39572.28,13668.59,37309.82,477.5363,619.6746,202.1754,2400.057,1215.413,6653.11,656.8418,24931.46,450.8471,1249.1,1998.492,80798.13,440.4889,32393.82,493.2265,826.967,413.0185,513.9636,507.5404,665.931,596.4202,426.7248,336.6008,564.0766,567.3213,532.2332,435.1651,539.3053,629.917,760.6389,426.7909,58569.16,1565.538,16489.84,1043.775,2660.322,405.7934,1312.088,584.8467,8569.525,461.1102,760.0809,4835.627,352.6259,823.8795,403.9995,446.784,22570.37,180.7646,4529.895,657.2675,1132.328,466.5374,435.3883,516.9727,2053.693,565.0603,1663.251,265.2051,436.091,686.2672,8664.887,408.3065,30472.68,551.6187,25770.36,516.3857,868.7265,1856.816,5491.832,571.5869,5417.473,417.6603,418.6234,3807.84,515.3235,468.7653,1198.788,1216.57,7091.565,3138.098,17873.18,901.1817,723.8147,404.1483,773.4358,827.4713,1146.737,662.4797,1956.513,349.3275,18253.94,721.438,95278.95,498.6123,6374.157,759.0145,94856.95,368.4402,4191.198,15677.84,3799.206,1392.366,3384.832,509.9625,564.3039,1802.037,1578.632,445.8251,696.5304,407.6204,392.9427,875.84,51666.86,303.6496,1294.054,1308.459,899.0861,513.2568,788.225,670.2463,2596.582,183.4017,730.4405,312.6232,3016.979,349.2778,2018.485,470.0549,481.4795,355.6267,4170.263,3765.316,1629.688,4078.258,16825.15,190.292,351.8282,230.9891,312.6438,388.1439,301.7731,348.6,1580.914,343.8425,449.0905,474.4321,1881.083,933.3558,947.4506,3239.13,10091.25,916.719,412.6672,499.5795,144.2421,328.6895,305.2451,625.8705,382.5556,801.3278,1514.189,562.9193,518.0267,709.6,328.5862,1082.665,448.3795,363.6661,1074.043,2544.993,478.2844,303.5173,450.3759,466.1158,436.4464,361.5581,224.7436,715.5728,322.9111,419.5988,186.3033,322.4151,250.3126,220.4738,602.3516,189.2256
6/13/2021 9:44,108,78208.72,1666.537,815.4928,3263.438,191027,6804.239,1660.63,466.8433,2101.846,2120.207,664.7695,282.2222,4928.83,3666.066,213.5629,21.33644,74893.05,889.5463,872.4218,397.0265,170361,233.0021,1097.517,309.7463,1961.316,600.5742,1032.557,4066.366,912.9493,508.7391,289.0423,2040.681,7279.353,1100.852,9320.642,527.4178,14943.48,587.5624,163433.2,6943.48,15741.63,906.5303,17766.49,2731.317,13826.7,1798.594,244.1208,12830.54,3299.903,349.7945,1697.525,458.1012,7031.252,338.589,106815.1,520.0107,9781.528,611.2879,330.7934,441.5429,14942.64,360.1445,1417.493,316.2192,10514.26,17340.04,5388.684,11200.21,9589.592,322.0183,648.8478,336.204,29777.47,728.5267,2198.729,623.3739,16612.6,671.8624,11226.1,236.0525,194.198,657.7222,28845.27,2075.339,8236.479,419.7518,1056.336,296.3666,758.7623,392.2773,1278.649,471.6255,1338.397,414.5355,714.9775,421.5787,7807.961,1623.012,447.0858,2042.644,112978.4,660.1857,53745.52,386.4451,708.079,437.1367,53561.34,366.6091,4255.046,306.2826,211.0704,11973.33,1905.495,368.0392,1957.538,601.4753,26808.03,605.9022,31866.55,430.5853,913.6727,378.4677,526.992,156.0264,1593.426,660.8842,11430.19,52.79551,5012.609,911.5275,108229.9,961.1196,49842.86,6471.552,8325.926,695.6376,687.4824,559.8027,31041.54,1027.46,4531.965,640.0727,561.5139,14755.68,1875.35,417.2594,21254.17,493.9251,87888.83,693.1782,4745.123,601.9052,376.6284,340.9491,22993.39,550.8911,1817.611,485.369,3679.061,232.6466,515.402,554.7269,93810.38,502.382,1409.164,435.8926,820.9158,575.0259,175.6681,564.0972,1657.795,1042.795,1136.023,1025.46,322.0307,293.1963,217.1713,280.5565,143719.8,3819.418,808.2925,320.6625,996.8981,244.8318,551.135,276.2412,1502.926,545.9766,1180.568,527.8021,425.4558,287.0045,273630.4,947.6531,39917.9,11840.51,36241.94,392.6245,728.5598,271.0373,2484.766,895.8124,6007.706,639.0063,22627.96,387.4578,567.7925,1362.412,78095.94,392.579,34379.93,475.2836,900.0988,386.1516,191.6477,312.7968,721.4504,501.7991,494.1317,445.9036,267.4992,285.2065,412.4399,256.4507,579.5602,405.347,974.1976,346.7606,64588.42,1551.852,16618.94,980.5093,3231.839,291.5967,1862.615,449.0326,9039.527,477.28,517.5018,3462.787,266.9453,274.6582,327.3999,624.8041,25361.79,231.0511,4671.053,464.3219,2027.38,392.6038,630.9834,454.3067,1534.248,390.1776,1133.068,121.0415,346.8392,301.7358,7061.81,360.9216,26602.62,332.3765,23069.5,471.7123,1070.315,1938.347,7895.626,379.1993,4225.749,187.8864,181.9054,3008.989,298.5532,297.4537,641.2218,1300.701,6157.094,1758.178,16573.83,704.9749,459.3453,359.2393,705.6486,442.7002,1504.174,559.0587,2033.592,279.2875,16791.13,549.6305,89729.69,397.9979,4776.962,878.8077,85417.34,253.7971,5040.022,15344.86,3320.574,1260.429,3782.416,376.0745,232.5722,1484.941,1251.935,257.298,483.013,406.4175,335.9478,465.752,45117.61,232.5515,1314.965,608.4979,1155.901,231.7993,872.1323,345.4793,2901.711,106.7194,298.0613,308.3906,3112.777,364.8607,3384.005,572.6161,914.7185,435.3842,6450.881,4210.174,1037.814,3642.171,15749.98,255.2065,244.7119,180.8018,200.3154,80.68334,512.0871,801.0881,1479.845,336.8405,205.3085,384.4694,1626.22,943.5612,1087.208,3044.498,10227.78,282.6604,272.8477,309.6017,14.48745,218.8577,130.3168,376.9342,160.478,455.431,1561.264,439.439,810.2972,389.3839,446.1764,1184.673,607.8448,227.9139,735.6858,2080.126,485.7203,587.6078,179.5535,234.6513,578.0474,335.8816,262.4978,726.8321,169.9186,93.39758,59.44196,207.6439,168.7448,181.6698,582.7181,30.48359
6/13/2021 15:44,114,71036.64,2122.708,993.2277,2728.101,190713.4,4385.532,1598.774,728.4152,2342.892,1859.788,798.4385,387.5157,5224.424,3575.202,231.3983,16.55,58420.37,1096.194,1165.767,827.1572,149208.4,955.337,1685.926,847.9067,2733.884,1143.773,1774.186,4801.721,1051.814,385.0935,476.3417,1911.377,8048.325,1450.622,9408.492,757.9522,14063.48,959.1976,142211.7,6945.038,14495.37,1340.757,20463.71,4048.861,13280.95,2079.208,510.9463,12270.53,3376.755,329.0409,2916.823,824.9996,9452.529,669.1509,93019.34,1362.829,9801.811,1356.584,702.3336,417.6066,14530.1,405.0618,1345.374,164.5535,7989.032,16883.81,6665.453,11097.53,8342.724,329.0367,554.9047,701.4366,28457.41,1025.803,3310.034,1620.966,17884.66,1336.566,11057.83,301.2233,399.1841,353.7419,27810.06,3793.568,8329.021,997.4767,1059.436,674.2598,1001.015,495.6528,2262.139,583.6646,1582.034,368.9609,1008.802,170.9024,9216.175,2191.041,675.537,3062.718,98632.3,1129.769,44895.14,229.0051,936.4021,1063.598,49060.02,276.8613,5580.005,822.1393,405.6818,9994.277,2260.833,443.1714,2035.49,1391.519,25721.06,1596.141,28212.87,964.6371,1048.722,828.0004,903.4137,572.8558,1344.13,1274.4,11876.78,94.43092,5012.924,1907.181,88066.38,1731.373,42278.34,4160.037,9348.046,879.7915,1341.249,895.8621,28784.42,1511.949,6669.243,965.191,656.5483,12838.32,2412.395,465.223,18180.72,658.0156,71819.75,1169.999,6838.951,1077.47,843.4095,776.5276,19480.61,736.2396,2420.682,396.6049,2639.139,305.4766,732.6354,719.6649,85138.44,617.1118,1559.044,992.4133,1448.803,884.334,386.2012,618.3601,1654.587,1644.357,2310.007,1452.647,885.7352,129.5356,555.8264,555.2105,111156.1,3056.956,1897.691,605.4929,1434.171,184.2366,966.8237,791.1638,2588.658,816.4931,2101.71,755.5548,754.7448,20.36924,230631.8,1682.901,39783.95,10825.99,25981.97,481.0414,692.5872,407.827,2373.727,1920.317,6051.437,1322.004,22375.26,950.7945,876.0467,1141.537,61651.01,1030.527,32013.55,801.1996,1062.152,617.1035,361.9714,422.2773,875.8027,1185.268,958.5321,249.0644,783.484,686.2094,946.3594,532.849,727.8158,1689.911,1411.471,425.7328,57245.36,1783.945,14496.11,1555.411,3366.269,137.3394,2988.454,925.0684,10505.14,1190.36,908.9772,2692.931,538.863,650.8112,460.9366,892.1337,22822.81,328.8135,5226.362,755.8276,2373.971,982.1874,1466.755,845.6334,1880.951,472.1464,1264.232,229.902,528.9802,742.7125,4833.482,1189.505,22707.09,781.343,20236.68,971.8829,949.4801,1754.838,10226.49,614.2516,4892.085,429.5272,472.291,2279.048,560.4434,571.6613,1771.057,2026.781,8684.193,1865.881,15877.64,1022.736,668.5392,581.321,885.1401,606.89,1971.265,633.9595,3264.848,396.9191,14492.88,1497.085,71150.59,512.3806,3915.738,1857.635,73802.75,1069.067,5014.416,16533.29,4042.666,2437.65,3472.525,821.1307,454.9763,1133.179,1250.493,554.2557,1073.002,1457.26,811.2975,1131.836,37299.56,606.9066,1309.811,1213.346,1369.277,551.8832,846.5427,527.8228,3580.092,275.0426,164.2683,645.5328,3955.935,582.2717,5164.718,1236.179,1331.329,1527.792,8923.218,4366.229,990.9874,3677.255,15775.15,407.4839,774.7006,297.4248,51.27029,327.2966,661.8845,1051,3213.685,618.6329,422.7443,493.4043,2684.428,908.7003,2107.869,3548.406,9395.687,504.3618,1160.695,138.567,21.45218,119.4957,249.3992,269.1319,276.0305,760.6472,2064.973,1181.945,1019.218,695.9807,510.7809,1938.31,1420.841,512.8807,777.0029,1271.507,477.5073,863.8119,78.78613,122.0418,155.8858,94.23666,36.85311,690.6114,100.817,153.133,44.47504,152.7404,160.0109,553.3051,352.3118,121.3557
6/13/2021 21:44,120,64525.53,3718.241,2800.737,5146.531,156846.2,4602.927,2468.113,1576.355,2412.035,2134.149,1510.932,1573.681,9514.107,4213.175,297.7017,34.41029,54671.34,2076.319,2239.855,1374.295,130596,1453.288,3355.741,1478.278,3494.192,2077.356,3787.636,5885.333,2701.772,574.7448,1265.757,2015.48,10611.83,3266.679,8626.711,1241.366,13488.95,1972.782,121601.3,8289.126,17835.6,3601.966,21472.17,5555.738,15242.27,4377.381,847.6091,10955.4,6048.948,1009.12,4277.854,1971.141,11999.58,920.8028,80310.3,1879.69,11187.11,2058.326,1633.846,393.1949,14481.63,1083.732,3850.881,255.2107,7620.476,17682.25,10704.93,12451.43,9621.973,1349.326,1622.136,1085.555,24167.31,1585.014,5697.29,3251.448,21250.05,2738.224,11082.61,118.6318,1054.244,772.0305,30225.24,5582.514,8461.004,1833.835,2333.906,1117.675,2001.323,1773.459,4215.936,888.9924,2948.129,1205.732,1541.321,130.8211,11396.61,3134.329,1502.14,4928.169,79243.09,2810.31,42377.63,231.1379,2201.857,2120.009,45552.56,1222.067,9170.777,2035.138,1244.892,9708.438,3859.557,1105.701,2334.514,3527.23,24613.75,1786.243,29530.7,1743.107,2792.392,1632.548,2229.055,1177.427,2637.771,1763.109,10935.11,107.4841,5486.909,4305.969,72955.44,3886.197,37923.45,3900.635,11297.37,1180.192,1896.426,2090.199,24673.08,3246.599,10154.16,2757.25,1118.754,12010.67,3675.887,629.8219,17183.67,1662.99,56566.51,1700.476,6748.777,1940.831,2285.798,2055.036,18871,1229.152,3810.089,869.95,3429.728,230.3609,2612.354,2080.46,79151.14,1240.746,2951.332,2364.729,2534.201,1225.539,959.83,1499.499,2521.751,2375.339,3681.851,2627.727,2068.201,87.17686,1938.835,982.9066,102595.8,4286.625,2414.833,707.1448,2129.958,838.5405,2090.058,1221.493,4305.035,1226.858,3335.735,964.1122,1876.028,507.8958,155095.8,3935.532,41672.3,10835.13,23512.07,1513.416,1777.162,1171.306,4078.774,3538.986,7283.453,2550.032,23762.07,1781.184,1304.768,1106.375,50115.22,1384.678,27130.37,1846.822,1851.182,1032.751,496.1199,908.3737,1881.679,2529.072,2381.63,423.8107,2112.457,1289.536,2148.363,291.6091,1422.412,3580.935,4567.739,1193.584,55187.78,2234.685,16993.3,2556.496,6093.143,217.5474,4669.85,1579.112,14809.39,2067.329,1543.201,2741.043,1634.768,630.7809,1298.101,1573.668,26010.36,655.9985,6139.581,1432.084,2986.007,1613.043,2579.048,1561.768,3903.726,1000.544,2247.767,422.7815,1422.891,1186.773,4863.407,1399.401,21555.57,2609.474,19937.74,2191.499,2430.47,1789.901,13995.37,1475.802,7281.279,1163.568,1273.668,3002.503,1502.859,1030.42,3516.161,3294.939,10793.6,2444.176,18632.57,2170.762,1241.416,1587.982,1165.234,1291.153,3206.622,1319.867,5444.721,259.1746,15912.42,3817.777,63757.11,1100.563,4459.879,2274.89,61496.55,3138.801,6633.824,19133.76,7747.726,4569.785,4008.197,1523.96,774.9569,1682.334,1571.006,1259.656,2367.643,3004.541,1957.766,1519.802,32732.88,1909.467,2668.672,1990.126,2301.488,774.37,1468.123,802.5016,6423.357,273.3686,227.8064,2202.486,5941.315,1601.056,8003.825,2545.82,2077.786,2235.867,11551.75,6525.749,2727.581,4815.08,15530.77,982.1295,1435.672,1144.881,209.6114,770.5425,1402.315,2800.344,6299.538,1067.434,1066.777,1580.034,4299.479,1532.735,3622.455,4144.821,9827.801,947.2357,1734.336,212.7196,7.043259,573.8396,829.7447,536.1598,1176.84,2082.229,4492.707,2085.573,2277.139,1392.833,1606.194,3281.82,3561.05,1754.408,1472.132,1239.866,567.8173,1082.666,315.5661,33.13308,217.5598,74.30556,77.12038,1002.904,386.8998,91.7649,169.1581,281.904,311.2426,331.3101,328.673,27.18929
